id;pf_code;membership_start_date;membership_end_date;status;designation_name;department_name;unit_name;acc_holder_name;pin;date_of_joining;date_of_confirmation
1;engage;2021-04-17;2021-04-17;INACTIVE;repurpose Ergonomic;Fish;Illinois navigate;Direct Regional;orchid;2021-04-17;2021-04-17
2;withdrawal reboot Refined;2021-04-17;2021-04-17;CLOSED;fuchsia Computer;Technician deposit deposit;TCP Chicken Corporate;Outdoors;Field silver Rubber;2021-04-17;2021-04-18
3;olive;2021-04-17;2021-04-17;CLOSED;Gorgeous Administrator Maldives;RSS SDD;withdrawal deposit;redundant;compress approach;2021-04-18;2021-04-17
4;Accountability;2021-04-17;2021-04-17;CLOSED;compressing Direct Computers;Shoes online;National;payment Movies Frozen;transmitter Kansas program;2021-04-17;2021-04-17
5;Concrete;2021-04-17;2021-04-17;ACTIVE;asymmetric Product distributed;bluetooth input;administration Baby;solutions Intranet;deposit convergence;2021-04-17;2021-04-17
6;invoice Legacy Forge;2021-04-17;2021-04-17;CLOSED;optical Legacy card;wireless input;Director teal Canada;composite Greece;1080p partnerships Unbranded;2021-04-17;2021-04-17
7;Dinar Producer blue;2021-04-17;2021-04-17;ACTIVE;Salad orange;invoice;Books transmitter;SSL Multi-tiered;robust Skyway;2021-04-17;2021-04-17
8;Steel;2021-04-17;2021-04-17;ACTIVE;Distributed Refined;Home;Soft Refined Handcrafted;niches synthesize;Delaware olive Chief;2021-04-18;2021-04-17
9;partnerships JBOD transmit;2021-04-17;2021-04-17;INACTIVE;connect;Lempira system;Legacy white AI;Account pricing 24/7;Salad pink;2021-04-17;2021-04-17
10;Kids communities;2021-04-17;2021-04-17;ACTIVE;backing United Chicken;quantifying;Steel;Bedfordshire;Consultant Salvador;2021-04-18;2021-04-17
